<?xml version="1.0" encoding="UTF-8"?>
<beans xmlns="http://www.springframework.org/schema/beans"
       xmlns:xsi="http://www.w3.org/2001/XMLSchema-instance"
       xmlns:context="http://www.springframework.org/schema/context"
       xmlns:p="http://www.springframework.org/schema/p"
       xmlns:c="http://www.springframework.org/schema/c"
       xmlns:tx="http://www.springframework.org/schema/tx"
       xmlns:jdbc="http://www.springframework.org/schema/jdbc"
       xmlns:jpa="http://www.springframework.org/schema/data/jpa"
       xsi:schemaLocation="http://www.springframework.org/schema/beans
       http://www.springframework.org/schema/beans/spring-beans.xsd
       http://www.springframework.org/schema/context
       https://www.springframework.org/schema/context/spring-context.xsd
       http://www.springframework.org/schema/tx
       http://www.springframework.org/schema/tx/spring-tx.xsd
       http://www.springframework.org/schema/jdbc
       http://www.springframework.org/schema/jdbc/spring-jdbc.xsd http://www.springframework.org/schema/data/jpa https://www.springframework.org/schema/data/jpa/spring-jpa.xsd">

    <context:property-placeholder location="classpath:db.properties"/>
    <context:component-scan base-package="org.itstep" />


    <jdbc:embedded-database id="dataSource" type="H2">
        <!--        <jdbc:script location="classpath:schema.sql" encoding="utf-8"/>-->
        <!--        <jdbc:script location="classpath:data.sql" encoding="utf-8"/>-->
    </jdbc:embedded-database>

    <bean id="jpaVendorAdapter" class="org.springframework.orm.jpa.vendor.HibernateJpaVendorAdapter"
          p:databasePlatform="org.hibernate.dialect.H2Dialect"
          p:showSql="true"
          p:generateDdl="true"/>

    <bean id="entityManagerFactory"
            class="org.springframework.orm.jpa.LocalContainerEntityManagerFactoryBean"
          p:dataSource-ref="dataSource"
          p:packagesToScan="org.itstep"
          p:jpaVendorAdapter-ref="jpaVendorAdapter">
        <property name="jpaProperties">
            <props>
                <prop key="hibernate.format_sql">true</prop>
                <prop key="hibernate.hbm2ddl.auto">create-drop</prop>
            </props>
        </property>
    </bean>

    <bean id="transactionManager" class="org.springframework.orm.jpa.JpaTransactionManager"
          p:entityManagerFactory-ref="entityManagerFactory" p:dataSource-ref="dataSource"/>

    <!--    для анотации @Transactional-->
    <tx:annotation-driven transaction-manager="transactionManager" />

    <jpa:repositories base-package="org.itstep.repository" transaction-manager-ref="transactionManager" />

</beans>