<?xml version="1.0" encoding="UTF-8"?>
<beans xmlns="http://www.springframework.org/schema/beans"
       xmlns:xsi="http://www.w3.org/2001/XMLSchema-instance"
       xmlns:context="http://www.springframework.org/schema/context"
       xmlns:mvc="http://www.springframework.org/schema/mvc"
       xmlns:p="http://www.springframework.org/schema/p"
       xsi:schemaLocation="http://www.springframework.org/schema/beans
       http://www.springframework.org/schema/beans/spring-beans.xsd
       http://www.springframework.org/schema/context
       https://www.springframework.org/schema/context/spring-context.xsd
        http://www.springframework.org/schema/mvc
                           http://www.springframework.org/schema/mvc/spring-mvc.xsd">

    <context:component-scan base-package="org.itstep"/>
    <!--            conversion-service="conversionServiceFactoryBean" -->
    <mvc:annotation-driven  />
    <mvc:resources mapping="/static/**" location="/resources/" />
    <mvc:resources mapping="/uploads/**" location="/uploads/" />

    <bean class="org.springframework.web.servlet.view.InternalResourceViewResolver"
          p:prefix="/WEB-INF/view/" p:suffix=".jsp"/>

<!--    <bean id="conversionServiceFactoryBean"-->
<!--            class="org.springframework.context.support.ConversionServiceFactoryBean">-->
<!--        <property name="converters">-->
<!--            <set>-->
<!--                <bean class="org.itstep.converter.LocalDateConverter"/>-->
<!--            </set>-->
<!--        </property>-->
<!--    </bean>-->
</beans>