<?xml version="1.0" encoding="UTF-8"?>
<Configuration status="INFO">
    <Appenders>
        <Console name="console" target="SYSTEM_OUT">
            <PatternLayout
                    pattern="%d{yyyy-MM-dd HH:mm:ss.SSS} [%-5level] [%c] - %msg%n" />
        </Console>
    </Appenders>
    <Loggers>
        <Logger name="org.itstep" level="TRACE" additivity="false">
            <AppenderRef ref="console" />
        </Logger>
        <Logger name="org.hibernate.sql" level="TRACE" additivity="false">
            <AppenderRef ref="console" />
        </Logger>
        <Root level="WARN" additivity="false">
            <AppenderRef ref="console" />
        </Root>
    </Loggers>
</Configuration>